,Length,Select
0,1,8.000000001118224e-07
1,10,7.199999999940587e-06
2,100,0.00033139999999960424
3,1000,0.03351498000000071
4,10000,3.4691366799999996
5,100000,345.35969375999997
