,Length,Count
0,1,0.00019067339999310207
1,10,0.0001941257999760637
2,100,0.00035871399998086415
3,1000,0.0006985058000054778
4,10000,0.0068145305999905755
5,100000,0.057659417000036225
