,Length,Radix
0,1,3.000740016432246e-05
1,10,0.00021935580007266254
2,100,0.0019380518000616576
3,1000,0.00584629799996037
4,10000,0.05793757260034908
5,100000,0.5819644470002459
