,Length,Quick
0,1,0.00034737079999995756
1,10,1.57112000001014e-05
2,100,0.00015979339999985242
3,1000,0.0025049715999999832
4,10000,0.03446078619999993
5,100000,0.9591060293999998
