,Length,Insertion
0,1,1.4968000073167786e-06
1,10,1.3097800007244587e-05
2,100,0.0009999129999926025
3,1000,0.08338162800000078
4,10000,5.368426103600001
5,100000,628.0754664966
