,Length,Radix
0,1,0.0003777389999868319
1,10,0.0001181270000074619
2,100,0.0015379490000100304
3,1000,0.008160509999981969
4,10000,0.05634707299998354
5,100000,0.561923414999967
