,Length,Insertion
0,1,3.430999996112405e-06
1,10,2.0549000012692886e-05
2,100,0.0018996009999909802
3,1000,0.12442724299999952
4,10000,11.53469647099999
5,100000,1366.0068315180001
