,Length,Quick
0,1,0.0016541449999998292
1,10,2.290500000068363e-05
2,100,0.0009170579999997486
3,1000,0.07698756899999992
4,10000,6.82460509
5,100000,712.347430087
