,Length,Radix
0,1,0.004357872999996459
1,10,0.00010636799999730329
2,100,0.0007902749999999514
3,1000,0.00889436199999949
4,10000,0.06440726800000363
5,100000,0.6993214499999993
