,Length,Bubble
0,1,6.761000008737028e-06
1,10,3.318100002047686e-05
2,100,0.007639826000001904
3,1000,0.2833245979999788
4,10000,20.63494762100001
5,100000,2189.575803486
