,Length,Bubble
0,1,2.5326386094093324e-06
1,10,8.302405476570129e-05
2,100,0.0020698118954896928
3,1000,0.2578902879729867
4,10000,33.097893382050096
5,100000,3528.7361467311157
