,Length,Merge
0,1,2.122599994436314e-06
1,10,5.887800006121324e-06
2,100,4.458399999975882e-05
3,1000,0.0004908438000029491
4,10000,0.00437538099999415
5,100000,0.04358628019999742
