,Length,Quick
0,1,4.252000000093403e-06
1,10,1.5790000000182047e-05
2,100,0.00017900599999998157
3,1000,0.002584274000000164
4,10000,0.03602589299999992
5,100000,0.9576702050000001
