,Length,Select
0,1,1.3000000080864993e-06
1,10,8.100000002286833e-06
2,100,0.00032439999998246094
3,1000,0.03405699999999001
4,10000,3.4921454000000267
5,100000,349.3660871
