,Length,Count
0,1,0.00016186300001663767
1,10,0.00015939999991587683
2,100,0.0001885340000171709
3,1000,0.0006091039999773784
4,10000,0.005161002000022563
5,100000,0.04994005100002141
