,Length,Merge
0,1,3.956000000471249e-06
1,10,7.5750000050334165e-06
2,100,4.892100000120081e-05
3,1000,0.00047442400000363705
4,10000,0.004626391999998702
5,100000,0.04600720900000255
